{"Cuddapah": null, "Kurnool": [15.82887, 78.03602], "Golaghat": [26.51167, 93.95951], "Chhapra": [20.92526, 72.92886], "Balodabazar": null, "Bemetara": [21.71556, 81.53423], "Bilaspur": [22.08005, 82.15543], "Durg": [21.19147, 81.27619], "Kabirdham": null, "Mungeli": [22.06566, 81.68543], "Raigarh": [21.89764, 83.3966], "Raipur": [21.23333, 81.63333], "Rajnandgaon": null, "Amreli": [21.59983, 71.21169], "Bharuch": [21.69482, 72.9805], "Bhavnagar": [21.76287, 72.15331], "Dahod": [23.03621, 77.48981], "Jamnagar": [22.47292, 70.06673], "Junagarh": [19.85993, 82.93385], "Panchmahals": null, "Porbandar": [21.64219, 69.60929], "Rajkot": [22.29161, 70.79322], "Sabarkantha": null, "Surat": [21.19594, 72.83023], "Surendranagar": [22.72706, 71.64856], "Ambala": [30.36099, 76.79782], "Panchkula": [30.69461, 76.8504], "Mandi": [29.19344, 72.85525], "Bagalkot": [16.18673, 75.69614], "Bangalore": [24.8717, 67.0839], "Belgaum": [15.85929, 74.61829], "Bidar": [17.90802, 77.51524], "Dharwad": [15.46005, 75.00778], "Gadag": [15.42977, 75.62971], "Haveri": [14.79354, 75.40448], "Kalburgi": null, "Alirajpur": [22.30393, 74.35568], "Anupur": [26.31874, 82.37491], "Ashoknagar": [24.57578, 77.73123], "Badwani": [32.84671, 74.59616], "Betul": [21.90056, 77.90229], "Bhopal": [23.25469, 77.40289], "Burhanpur": [21.30868, 76.23026], "Chhatarpur": [24.9177, 79.58871], "Chhindwara": [22.05697, 78.93958], "Damoh": [23.83312, 79.4419], "Datia": [25.67312, 78.45908], "Dewas": [22.96585, 76.05526], "Dhar": [22.59373, 75.29774], "Dindori": [22.94141, 81.07975], "Guna": [24.64691, 77.3113], "Gwalior": [26.22983, 78.17337], "Harda": [22.34414, 77.09536], "Hoshangabad": null, "Indore": [22.71792, 75.8333], "Jabalpur": [23.16697, 79.95006], "Jhabua": [22.76772, 74.59087], "Katni": [23.83776, 80.39405], "Khandwa": [21.82427, 76.35086], "Khargone": [21.82292, 75.61394], "Mandla": [22.59879, 80.37115], "Mandsaur": [24.07184, 75.06986], "Morena": [26.49892, 77.99534], "Narsinghpur": [22.94936, 79.18357], "Neemuch": [24.45949, 74.86625], "Panna": [24.72094, 80.18772], "Raisen": [23.33033, 77.7811], "Rajgarh": [28.64201, 75.38612], "Ratlam": [23.33033, 75.04032], "Rewa": [24.53256, 81.29234], "Sagar": [23.83877, 78.73874], "Satna": [24.57726, 80.82719], "Sehore": [23.2, 77.08333], "Seoni": [22.08503, 79.55037], "Shajapur": [23.42637, 76.27775], "Shehdol": null, "Sheopur": [25.66472, 76.69616], "Shivpuri": [25.42378, 77.66223], "Tikamgarh": [24.74327, 78.83061], "Ujjain": [23.18239, 75.77643], "Umariya": [24.23465, 76.4032], "Vidisha": [23.52604, 77.81092], "Ahmednagar": [23.59893, 72.96602], "Akola": [20.70957, 76.9981], "Amarawati": null, "Aurangabad": [19.87757, 75.34226], "Beed": [18.98921, 75.75634], "Bhandara": [21.16817, 79.64885], "Buldhana": null, "Chandrapur": [19.95076, 79.29523], "Dhule": [20.9013, 74.77737], "Gadchiroli": [20.18061, 80.00522], "Hingoli": [19.71464, 77.14238], "Jalana": [45.48067, 80.51344], "Jalgaon": [21.00292, 75.56602], "Latur": [18.39721, 76.56784], "Nagpur": [21.14631, 79.08491], "Nanded": [19.16023, 77.31497], "Nandurbar": [21.36671, 74.24051], "Nashik": [19.99727, 73.79096], "Osmanabad": [18.27993, 76.05633], "Parbhani": [19.26855, 76.77081], "Pune": [18.51957, 73.85535], "Raigad": [42.25191, -7.18074], "Sangli": [16.85438, 74.56417], "Satara": [17.68589, 73.99333], "Sholapur": [17.67152, 75.91044], "Vashim": null, "Wardha": [20.73933, 78.59784], "Yavatmal": [20.39324, 78.13201], "Bishnupur": [24.62845, 93.76179], "Chandel": [24.32987, 94.00379], "Imphal East": null, "Imphal West": null, "Thoubal": [24.63881, 93.99639], "Zunheboto": [25.96667, 94.51667], "Baran": [25.1, 76.51667], "Bhilwara": [25.34707, 74.64081], "Bundi": [25.43855, 75.63735], "Chittorgarh": [24.88963, 74.62403], "Jhalawar": [24.59633, 76.16499], "Kota": [25.18254, 75.83907], "Swai Madhopur": null, "Tonk": [26.16638, 75.78824], "Udaipur": [24.58584, 73.71346], "Namakkal": [11.22126, 78.16524], "Salem": [11.65376, 78.15538], "Adilabad": [19.67203, 78.5359], "Karimnagar": [18.43915, 79.12856], "Medak": [18.04531, 78.26078], "Nizamabad": [18.67154, 78.0988], "Ranga Reddy": null, "Warangal": [18.0, 79.58333], "Kanpur": [26.46523, 80.34975], "Lalitpur": [27.67658, 85.31417], "Nanital": null, "UdhamSinghNagar": null}