{
  "mape": 15.498246232442753,
  "baseline_mape": 15.187156063183224,
  "n_train": 4373505,
  "n_val": 1093377,
  "per_horizon": {
    "1": {
      "model_mape": 6.863948271875385,
      "baseline_mape": 5.75355612673559,
      "n": 121240
    },
    "3": {
      "model_mape": 9.034747082074048,
      "baseline_mape": 8.319139240283919,
      "n": 119470
    },
    "5": {
      "model_mape": 10.802901780302582,
      "baseline_mape": 10.17552797216707,
      "n": 117868
    },
    "7": {
      "model_mape": 12.409117185544721,
      "baseline_mape": 11.812468535299244,
      "n": 116205
    },
    "10": {
      "model_mape": 14.448233760066657,
      "baseline_mape": 13.865035649978852,
      "n": 113808
    },
    "14": {
      "model_mape": 16.85974413589546,
      "baseline_mape": 16.259271735448635,
      "n": 110820
    },
    "21": {
      "model_mape": 20.03147739003522,
      "baseline_mape": 19.53272624986382,
      "n": 105783
    },
    "28": {
      "model_mape": 22.09720991915631,
      "baseline_mape": 22.162528397290924,
      "n": 101054
    },
    "35": {
      "model_mape": 23.389308423578115,
      "baseline_mape": 24.117408781218984,
      "n": 96594
    },
    "45": {
      "model_mape": 24.239821552237803,
      "baseline_mape": 25.69787825203125,
      "n": 90535
    }
  },
  "residual_band_by_horizon": {
    "1": 0.06784958300696459,
    "3": 0.08997941141216836,
    "5": 0.10726040566874971,
    "7": 0.1226812189451196,
    "10": 0.14230857006981884,
    "14": 0.16524155579513128,
    "21": 0.1955366182752443,
    "28": 0.21574481495394174,
    "35": 0.22919241704353424,
    "45": 0.24079756035119665
  },
  "feature_importance": {
    "lag_ratio_1": 101,
    "lag_ratio_2": 47,
    "lag_ratio_3": 41,
    "lag_ratio_4": 30,
    "lag_ratio_5": 17,
    "lag_ratio_6": 18,
    "lag_ratio_7": 7,
    "lag_ratio_8": 27,
    "lag_ratio_9": 79,
    "roll_mean_ratio": 159,
    "roll_std_ratio": 44,
    "slope_ratio": 20,
    "arrivals_log": 27,
    "month": 50,
    "weekofyear": 339,
    "dayofyear": 426,
    "horizon": 326,
    "rain_sum_10d": 0,
    "rain_max_1d": 0,
    "temp_mean_10d": 0,
    "temp_max_10d": 0,
    "temp_min_10d": 0,
    "humidity_mean_10d": 0,
    "heavy_rain_flag": 0,
    "heatwave_flag": 0,
    "crop": 348,
    "state": 112,
    "district": 572,
    "market": 1603,
    "variety": 115,
    "group": 82
  }
}